<?xml version="1.0" encoding = "UTF-8"?>
<manifest identifier="course" version="1.0" xmlns="http://www.imsproject.org/xsd/imscp_rootv1p1p2" xmlns:adlcp="http://www.adlnet.org/xsd/adlcp_rootv1p2" xmlns:xsi="http://www.w3.org/2001/XMLSchema-instance" xsi:schemaLocation="http://www.imsproject.org/xsd/imscp_rootv1p1p2 imscp_rootv1p1p2.xsd http://www.imsglobal.org/xsd/imsmd_rootv1p2p1 imsmd_rootv1p2p1.xsd http://www.adlnet.org/xsd/adlcp_rootv1p2 adlcp_rootv1p2.xsd">
	<metadata>
		<schema>ADL SCORM</schema>
		<schemaversion>1.2</schemaversion>
	</metadata>
	<organizations default="sco">
		<organization identifier="sco">
			<title>LPIC101 101-500</title>
			<item identifier="2" isvisible="true" identifierref="res2">
				<title>LPIC101 101-500</title>
			</item>
		</organization>
	</organizations>
	<resources>
	<resource identifier="res2" type="webcontent" href="index.html" adlcp:scormtype="sco">
		<file href="index.html" />
	</resource>
	</resources>
</manifest>
